n,Kronecker,Marginals
2, 0.001142, 0.005662
4, 0.001242, 0.004886
8, 0.001553, 0.007189
16, 0.011068, 0.062887
32, 0.404896, 2.103912
64, 14.064400, 61.996475
